Place of interest,Place address,Type of place,BiciMAD Station,Station Location,distance
Asamblea Cristiana Gilgal,CALLE GARGANTA DE AISA 34,Asamblea Cristiana Gilgal,225 - Doctor Lozano,Calle Sierra Toledana nº 33,297.5894720891361
Asambleas de Evangelización Mundial para Cristo (AEMC),CALLE ANTONIA RODRIGUEZ SACRISTAN 8 PLANTA BAJO IZQUIERDA,Asambleas de Evangelización Mundial para Cristo (AEMC),212 - Marqués de Vadillo,Glorieta Marqués de Vadillo nº 9,4256.791685109668
Asociación Darse - Dar Ayuda para la Reinserción Social España,CAMINO ALTO DE SAN ISIDRO 16 PLANTA 2º C C,Asociación Darse - Dar Ayuda para la Reinserción Social España,212 - Marqués de Vadillo,Glorieta Marqués de Vadillo nº 9,721.7844549052479
Asociación Evangélica Internacional,CALLE NICARAGUA 19,Asociación Evangélica Internacional,160 - Colombia,Calle Colombia nº 7,636.5229956403165
Catedral Anglicana de Madrid,CALLE BENEFICENCIA 18,Catedral Anglicana de Madrid,7 - Hortaleza,Calle Hortaleza nº 75,164.381934021707
Catedral Ortodoxa Griega. Santa Iglesia Catedral de los Santos Andrés y Demetrio,CALLE NICARAGUA 12,Catedral Ortodoxa Griega. Santa Iglesia Catedral de los Santos Andrés y Demetrio,160 - Colombia,Calle Colombia nº 7,385.0430594142544
Centro Apostólico Cristo Viene,CALLE ANTONIO LOPEZ 236 PLANTA 1,Centro Apostólico Cristo Viene,213 - Glorieta de Cádiz,Calle Antonio López nº 129,740.0856990388328
Centro Cristiano Amor y Fe,CALLE HAYA 1,Centro Cristiano Amor y Fe,212 - Marqués de Vadillo,Glorieta Marqués de Vadillo nº 9,4733.443988282693
Centro Cristiano Ciudad de Refugio,CALLE GODELLA 103 PLANTA 1 Derecha,Centro Cristiano Ciudad de Refugio,235 - Embajadores 191,Calle Sodio nº 1B,5277.623950949843
Centro Cristiano Cuatro Caminos,CALLE SAN ENRIQUE 12,Centro Cristiano Cuatro Caminos,155 - San Germán 57,Calle San Germán nº 57,131.62675141122256
Centro Cristiano Evangélico,CALLE LUMBRERAS 8,Centro Cristiano Evangélico,221 - Pavones,Calle Hacienda de Pavones nº 342,2252.6092391607262
Centro Cristiano Evangélico Independiente,CALLE SECOYA 28 PLANTA 3,Centro Cristiano Evangélico Independiente,212 - Marqués de Vadillo,Glorieta Marqués de Vadillo nº 9,4723.616797932316
Centro Cultural Islámico. Mezquita de Madrid,CALLE SALVADOR DE MADARIAGA 7,Centro Cultural Islámico. Mezquita de Madrid,231 - Derechos Humanos,Calle Derechos Humanos nº 12,218.53892495458717
Centro Evangélico de Restauración Aliento de Vida,CALLE PUERTO DE LAS PILAS 12,Centro Evangélico de Restauración Aliento de Vida,221 - Pavones,Calle Hacienda de Pavones nº 342,2545.4912909568734
Centro de Evangelización Anuncio de Paz,CALLE PUERTO DEL MONASTERIO 10 PLANTA BAJO,Centro de Evangelización Anuncio de Paz,227 - Concordia,Calle Arroyo del Olivar nº 6,131.0693151205756
Centro de Fe y Esperanza Internacional,CALLE LUIS GOMEZ 18,Centro de Fe y Esperanza Internacional,212 - Marqués de Vadillo,Glorieta Marqués de Vadillo nº 9,2181.708107298929
Christ Missions Evangelical Church,CALLE TANTALO 7,Christ Missions Evangelical Church,235 - Embajadores 191,Calle Sodio nº 1B,4217.325843369087
Christ The Master Filipino Christian Fellowship,PLAZA FONSAGRADA 5,Christ The Master Filipino Christian Fellowship,207 - Remonta,Calle Azucenas nº 1,1996.487529053057
Community Church of Madrid,CALLE VIÑA 3,Community Church of Madrid,244 - Hospital Clínico,Calle Isaac Peral nº 44,458.4935000922974
Comunidad Cristiana Betania,CALLE GABRIELA MISTRAL 16,Comunidad Cristiana Betania,261 - Facultad Derecho,Avenida Complutense nº 23,3668.731022592005
Comunidad Cristiana Casa de Bendición,CALLE ESFINGE 19,Comunidad Cristiana Casa de Bendición,215 - Gutierre de Cetina,Calle Gutierre de Cetina nº 77,3824.7853415538284
Comunidad Cristiana Eben-Ezer Dios es Amor,CALLE ENRIQUE VELASCO 6,Comunidad Cristiana Eben-Ezer Dios es Amor,226 - Sierra Toledana,Camino de Valderribas nº 94,393.9197639032823
Comunidad Cristiana Eben-Ezer Hortaleza,CALLE SANTA VIRGILIA 5 POSTERIOR,Comunidad Cristiana Eben-Ezer Hortaleza,230 - Carlota O’Neill,Calle Carlota O'Neill nº 32,3866.075864062987
Comunidad Cristiana Eben-Ezer de la Villa de Vallecas,CALLE SIERRA DE TORTEJADA 2,Comunidad Cristiana Eben-Ezer de la Villa de Vallecas,221 - Pavones,Calle Hacienda de Pavones nº 342,3699.313020858676
Comunidad Cristiana Kairos,CALLE ISABEL ANA 9,Comunidad Cristiana Kairos,212 - Marqués de Vadillo,Glorieta Marqués de Vadillo nº 9,1103.2829519115705
Comunidad Cristiana Maranatha,CALLE GRANADA 8,Comunidad Cristiana Maranatha,79 - Puerta de Granada,Avenida de Menéndez Pelayo nº 38,35.28716800574036
Comunidad Cristiana Misionera Newma,CALLE CIUDAD DE FRIAS 24 y 32 (NAVE 62),Comunidad Cristiana Misionera Newma,213 - Glorieta de Cádiz,Calle Antonio López nº 129,5770.455444737194
Comunidad Cristiana Sendero de la Cruz,CALLE MIGUEL FLETA 11,Comunidad Cristiana Sendero de la Cruz,215 - Gutierre de Cetina,Calle Gutierre de Cetina nº 77,1100.283334401852
Comunidad Eben-Ezer Dios Es Amor,CALLE VILLALOBOS 11 Esquina a Leoneses,Comunidad Eben-Ezer Dios Es Amor,226 - Sierra Toledana,Camino de Valderribas nº 94,2439.4064502640117
Comunidad Evangélica de habla alemana,PASEO CASTELLANA 6,Comunidad Evangélica de habla alemana,104 - Castellana,Paseo de la Castellana nº 4,52.30488698800249
Fraternidad Cristiana Vida Nueva,CALLE MARIA ZAYAS 15,Fraternidad Cristiana Vida Nueva,155 - San Germán 57,Calle San Germán nº 57,259.89598498870794
Iglesia  Evangélica Bautista Pueblo Nuevo,CALLE GUTIERRE DE CETINA 13,Iglesia  Evangélica Bautista Pueblo Nuevo,232 - José María Pereda,Calle José María de Pereda nº 1,500.2254865990685
Iglesia Abundante Vida,CALLE SECOYA 18 2,Iglesia Abundante Vida,212 - Marqués de Vadillo,Glorieta Marqués de Vadillo nº 9,4494.373231971069
Iglesia Alianza Cristiana y Misionera,CALLE ESPERANZA MACARENA 24 SEMISOTANO,Iglesia Alianza Cristiana y Misionera,235 - Embajadores 191,Calle Sodio nº 1B,4438.206736896955
Iglesia Anglicana de San Jorge,CALLE NUÑEZ DE BALBOA 43,Iglesia Anglicana de San Jorge,87 - Ayala,Calle Ayala nº 44,127.54299512137902
Iglesia Asamblea Cristiana de Madrid,CALLE ALORA 7 PLANTA Bajo posterior y 9,Iglesia Asamblea Cristiana de Madrid,221 - Pavones,Calle Hacienda de Pavones nº 342,1719.539056616098
Iglesia Asambleas de Dios Belén,CALLE EZEQUIEL SOLANA 51 LOCALES 1-3,Iglesia Asambleas de Dios Belén,215 - Gutierre de Cetina,Calle Gutierre de Cetina nº 77,351.30655588946195
Iglesia Bautista Calvario,CALLE PALERMO 28,Iglesia Bautista Calvario,230 - Carlota O’Neill,Calle Carlota O'Neill nº 32,1715.6394533643338
Iglesia Bautista El Buen Pastor,PLAZA GETAFE 1,Iglesia Bautista El Buen Pastor,196 - Prosperidad,Calle Suero de Quiñones nº 2,328.5869219854964
Iglesia Bautista Emanuel,CALLE HERNANDEZ DE TEJADA 4,Iglesia Bautista Emanuel,230 - Carlota O’Neill,Calle Carlota O'Neill nº 32,445.96070091667355
Iglesia Bautista de Alameda de Osuna,CALLE SOTO HIDALGO 6,Iglesia Bautista de Alameda de Osuna,215 - Gutierre de Cetina,Calle Gutierre de Cetina nº 77,7603.94678285397
Iglesia Bautista de Jesús,PASEO PERALES 28,Iglesia Bautista de Jesús,224 - Caramuel,Calle Caramuel nº 51,1277.609500578655
"Iglesia Bautista de Jesús (José Villena, 10)",CALLE JOSE VILLENA 10,"Iglesia Bautista de Jesús (José Villena, 10)",188 - Puente de Ventas,Avenida de Daroca nº 2,360.79695392232327
Iglesia Bautista de Vallecas,CALLE SAN VIRGILIO 2 y 4,Iglesia Bautista de Vallecas,227 - Concordia,Calle Arroyo del Olivar nº 6,382.01146824171843
Iglesia Bíblica,CALLE CANAL DE SUEZ 15,Iglesia Bíblica,215 - Gutierre de Cetina,Calle Gutierre de Cetina nº 77,8287.341850748611
Iglesia Bíblica Reto a la Esperanza,CAMINO HORMIGUERAS 137,Iglesia Bíblica Reto a la Esperanza,221 - Pavones,Calle Hacienda de Pavones nº 342,2997.3881963081826
Iglesia Bíblica Reto a la Esperanza Camino de Hormigueras 137,CAMINO HORMIGUERAS 137,Iglesia Bíblica Reto a la Esperanza Camino de Hormigueras 137,221 - Pavones,Calle Hacienda de Pavones nº 342,2997.3881963081826
Iglesia Bíblica Reto a la Esperanza Sierra de Alcubierre 4,CALLE SIERRA DE ALCUBIERRE 4,Iglesia Bíblica Reto a la Esperanza Sierra de Alcubierre 4,227 - Concordia,Calle Arroyo del Olivar nº 6,240.87058493700277
Iglesia Bíblica Vida Nueva Madrid,AVENIDA MANOTERAS 22 PLANTA 3 LOCAL 120,Iglesia Bíblica Vida Nueva Madrid,249 - Manuel Caldeiro,Paseo de la Castellana nº 298,2185.2106543056084
Iglesia CENFOL España,CALLE ALEJANDRO VILLEGAS 34 Local,Iglesia CENFOL España,230 - Carlota O’Neill,Calle Carlota O'Neill nº 32,2389.8429873312366
Iglesia Carismática Episcopal de España,CALLE BENEFICENCIA 18,Iglesia Carismática Episcopal de España,7 - Hortaleza,Calle Hortaleza nº 75,164.381934021707
Iglesia Catedral del Redentor,CALLE BENEFICENCIA 18,Iglesia Catedral del Redentor,7 - Hortaleza,Calle Hortaleza nº 75,164.381934021707
Iglesia Celebración Cristiana,CALLE SAN SOTERO 5,Iglesia Celebración Cristiana,215 - Gutierre de Cetina,Calle Gutierre de Cetina nº 77,2203.958583228194
Iglesia Centro Cristiano Adonay,CALLE MARIA MARTINEZ OVIOL 17 B,Iglesia Centro Cristiano Adonay,235 - Embajadores 191,Calle Sodio nº 1B,4359.496390496262
Iglesia Centro Cristinano Adonay, CIUDAD DE FRIAS 18 Nave C,Iglesia Centro Cristinano Adonay,213 - Glorieta de Cádiz,Calle Antonio López nº 129,5859.827380133467
Iglesia China Evangélica Misión Internacional,CALLE PUERTO DE CANFRANC 10,Iglesia China Evangélica Misión Internacional,227 - Concordia,Calle Arroyo del Olivar nº 6,375.74069500293774
Iglesia China Río de Esperanza,CALLE NICOLAS USERA 45,Iglesia China Río de Esperanza,213 - Glorieta de Cádiz,Calle Antonio López nº 129,768.5397766091907
Iglesia Christ Embassy,CALLE TORRE DE DON MIGUEL 10,Iglesia Christ Embassy,227 - Concordia,Calle Arroyo del Olivar nº 6,3077.3464519408567
Iglesia Comunidad Cristiana de Fe,CALLE SECOYA 20,Iglesia Comunidad Cristiana de Fe,212 - Marqués de Vadillo,Glorieta Marqués de Vadillo nº 9,4555.761789444718
Iglesia Coreana Cheil,CALLE SECOYA 22 PLANTA 1 1,Iglesia Coreana Cheil,212 - Marqués de Vadillo,Glorieta Marqués de Vadillo nº 9,4638.505334361167
Iglesia Cristiana Adventista,CALLE ALENZA 6 Local estudio Danza Pasión Madrid,Iglesia Cristiana Adventista,130 - Santa Engracia 127,Calle Santa Engracia nº 127,258.4690240452989
Iglesia Cristiana Adventista Alejandro Sánchez 49,CALLE ALEJANDRO SANCHEZ 49,Iglesia Cristiana Adventista Alejandro Sánchez 49,212 - Marqués de Vadillo,Glorieta Marqués de Vadillo nº 9,1088.4407748152746
Iglesia Cristiana Adventista Austria 2,CALLE AUSTRIA 2,Iglesia Cristiana Adventista Austria 2,215 - Gutierre de Cetina,Calle Gutierre de Cetina nº 77,3719.025775407098
Iglesia Cristiana Adventista Doctor Bellido 13,CALLE DOCTOR BELLIDO 13 LOCAL,Iglesia Cristiana Adventista Doctor Bellido 13,227 - Concordia,Calle Arroyo del Olivar nº 6,1024.4261309303977
Iglesia Cristiana Adventista Doctor Zofío 4,CALLE DOCTOR ZOFIO 4,Iglesia Cristiana Adventista Doctor Zofío 4,224 - Caramuel,Calle Caramuel nº 51,1921.2337716683212
Iglesia Cristiana Adventista Hermanos Gómez 32,CALLE HERMANOS GOMEZ 32,Iglesia Cristiana Adventista Hermanos Gómez 32,232 - José María Pereda,Calle José María de Pereda nº 1,311.2472728701324
Iglesia Cristiana Adventista Los Yébenes 255,CALLE LOS YEBENES 255,Iglesia Cristiana Adventista Los Yébenes 255,224 - Caramuel,Calle Caramuel nº 51,3374.9498301376516
Iglesia Cristiana Adventista Rusia 11,CALLE RUSIA 11,Iglesia Cristiana Adventista Rusia 11,215 - Gutierre de Cetina,Calle Gutierre de Cetina nº 77,3501.53497978822
Iglesia Cristiana Adventista Secoya 19,CALLE SECOYA 19,Iglesia Cristiana Adventista Secoya 19,212 - Marqués de Vadillo,Glorieta Marqués de Vadillo nº 9,4515.237080294588
Iglesia Cristiana Adventista del Séptimo Día. Madrid Alenza,CALLE ALENZA 6 PLANTA Baja,Iglesia Cristiana Adventista del Séptimo Día. Madrid Alenza,130 - Santa Engracia 127,Calle Santa Engracia nº 127,256.9351352516891
Iglesia Cristiana Adventista del Séptimo Día. Madrid Aluche,CALLE LOS YEBENES 255,Iglesia Cristiana Adventista del Séptimo Día. Madrid Aluche,224 - Caramuel,Calle Caramuel nº 51,3376.836891467886
Iglesia Cristiana Adventista del Séptimo Día. Madrid Eben-Ezer,CALLE RUSIA 11,Iglesia Cristiana Adventista del Séptimo Día. Madrid Eben-Ezer,215 - Gutierre de Cetina,Calle Gutierre de Cetina nº 77,3500.0011770913457
Iglesia Cristiana Adventista del Séptimo Día. Madrid Efes,CALLE ALEJANDRO SANCHEZ 49,Iglesia Cristiana Adventista del Séptimo Día. Madrid Efes,212 - Marqués de Vadillo,Glorieta Marqués de Vadillo nº 9,1089.691892547258
Iglesia Cristiana Adventista del Séptimo Día. Madrid Emaus,CALLE RUSIA 11,Iglesia Cristiana Adventista del Séptimo Día. Madrid Emaus,215 - Gutierre de Cetina,Calle Gutierre de Cetina nº 77,3500.0011770913457
Iglesia Cristiana Adventista del Séptimo Día. Madrid Habla Portuguesa,CALLE DOCTOR ZOFIO 4,Iglesia Cristiana Adventista del Séptimo Día. Madrid Habla Portuguesa,224 - Caramuel,Calle Caramuel nº 51,1921.2337716683212
Iglesia Cristiana Adventista del Séptimo Día. Madrid Horeb,CALLE DOCTOR ZOFIO 4,Iglesia Cristiana Adventista del Séptimo Día. Madrid Horeb,224 - Caramuel,Calle Caramuel nº 51,1921.2337716683212
Iglesia Cristiana Adventista del Séptimo Día. Madrid Resurrección,CALLE AUSTRIA 2,Iglesia Cristiana Adventista del Séptimo Día. Madrid Resurrección,215 - Gutierre de Cetina,Calle Gutierre de Cetina nº 77,3717.499160460883
Iglesia Cristiana Adventista del Séptimo Día. Madrid Vallecas,CALLE DOCTOR BELLIDO 13,Iglesia Cristiana Adventista del Séptimo Día. Madrid Vallecas,227 - Concordia,Calle Arroyo del Olivar nº 6,1025.567890040245
Iglesia Cristiana Adventista del Séptimo Día. Madrid Ventas,CALLE HERMANOS GOMEZ 32 local,Iglesia Cristiana Adventista del Séptimo Día. Madrid Ventas,232 - José María Pereda,Calle José María de Pereda nº 1,314.556744629837
Iglesia Cristiana Bautista Betel,CALLE ENERO 13,Iglesia Cristiana Bautista Betel,215 - Gutierre de Cetina,Calle Gutierre de Cetina nº 77,8627.385725456616
Iglesia Cristiana Bautista de Vallecas,CALLE SIERRA ESPU&amp;Ntilde;A 22,Iglesia Cristiana Bautista de Vallecas,221 - Pavones,Calle Hacienda de Pavones nº 342,3117.215674695566
Iglesia Cristiana Casa de mi Padre,CALLE TORTOLA 10 PLANTA 3 C,Iglesia Cristiana Casa de mi Padre,223 - Ermita Santo,Paseo de la Ermita del Santo nº 48,2121.0444812786955
Iglesia Cristiana China en España,CALLE GABRIEL USERA 32 y 36,Iglesia Cristiana China en España,222 - Antonio López,Calle Eugenio Caxes frente al nº 12,1025.8143807021706
Iglesia Cristiana Corazón de León,CALLE CARRETAS 14 PLANTA 3,Iglesia Cristiana Corazón de León,34 - Jacinto Benavente,Plaza de Jacinto Benavente,45.138208769408664
Iglesia Cristiana Evangelica de Chamartín,CALLE VICTOR DE LA SERNA 58 y 60,Iglesia Cristiana Evangelica de Chamartín,160 - Colombia,Calle Colombia nº 7,509.9960916917556
Iglesia Cristiana Evangélica Buen Pastor,CALLE ASCENSION BIELSA 54,Iglesia Cristiana Evangélica Buen Pastor,226 - Sierra Toledana,Camino de Valderribas nº 94,33.40059720192285
Iglesia Cristiana Evangélica Casa del Alfarero,CALLE RIO ULLA 14 PLANTA 1,Iglesia Cristiana Evangélica Casa del Alfarero,215 - Gutierre de Cetina,Calle Gutierre de Cetina nº 77,533.2939286982462
Iglesia Cristiana Evangélica Casa del Alfarero calle Monte Oliveti 34,CALLE MONTE OLIVETI 34,Iglesia Cristiana Evangélica Casa del Alfarero calle Monte Oliveti 34,227 - Concordia,Calle Arroyo del Olivar nº 6,376.5486265791857
Iglesia Cristiana Evangélica La Puerta Antonia Lacha 19,CALLE ANTONIA LANCHA 19,Iglesia Cristiana Evangélica La Puerta Antonia Lacha 19,212 - Marqués de Vadillo,Glorieta Marqués de Vadillo nº 9,1475.7138839223992
Iglesia Cristiana Evangélica La Puerta Jose María Pereda 41,CALLE JOSE MARIA PEREDA 41 PLANTA 1,Iglesia Cristiana Evangélica La Puerta Jose María Pereda 41,232 - José María Pereda,Calle José María de Pereda nº 1,259.508980592282
Iglesia Cristiana Evangélica Ministerio Misionero,CALLE HAYA 11 1,Iglesia Cristiana Evangélica Ministerio Misionero,212 - Marqués de Vadillo,Glorieta Marqués de Vadillo nº 9,4959.6212014989915
Iglesia Cristiana Evangélica Pentecostal Shekinah,CALLE MONTE DE MONTJUICH 3,Iglesia Cristiana Evangélica Pentecostal Shekinah,221 - Pavones,Calle Hacienda de Pavones nº 342,2858.615779336069
Iglesia Cristiana Evangélica en Suanzes,PASAJE PAQUITIN 10,Iglesia Cristiana Evangélica en Suanzes,215 - Gutierre de Cetina,Calle Gutierre de Cetina nº 77,2173.1348190176636
Iglesia Cristiana Hosanna,CALLE ALFARO 34 - 36,Iglesia Cristiana Hosanna,224 - Caramuel,Calle Caramuel nº 51,2322.041658798784
Iglesia Cristiana Integral Casa sobre la Roca,CALLE ULISES 1,Iglesia Cristiana Integral Casa sobre la Roca,214 - Condesa de Venadito,Calle Condesa de Venadito nº 2,1485.4178986941813
Iglesia Cristiana Paraíso de Adoración,CALLE MONTSENY 21,Iglesia Cristiana Paraíso de Adoración,226 - Sierra Toledana,Camino de Valderribas nº 94,367.6385100140986
Iglesia Cristiana Reconcíliate con Dios,CALLE HAYA 16,Iglesia Cristiana Reconcíliate con Dios,212 - Marqués de Vadillo,Glorieta Marqués de Vadillo nº 9,5020.6042845342945
Iglesia Cristiana Redimida de Dios,CALLE CLAUDIO SANCHEZ ALBORNOZ 4 PLANTA BAJA,Iglesia Cristiana Redimida de Dios,224 - Caramuel,Calle Caramuel nº 51,5011.331315160044
Iglesia Cristiana Roca Eterna,PASEO DELICIAS 28,Iglesia Cristiana Roca Eterna,120 - Palos de la Frontera,Calle Palos de la Frontera nº 27,203.59259936767936
Iglesia Cristiana Santidad de Dios,CALLE JUAN TORNERO 28,Iglesia Cristiana Santidad de Dios,216 - Puerta del Ángel,Plaza Puerta del Ángel nº 4,307.588678689802
Iglesia Cristiana Shalom Adonai,AVENIDA MANOTERAS 22 NAVE 36,Iglesia Cristiana Shalom Adonai,249 - Manuel Caldeiro,Paseo de la Castellana nº 298,2185.2106543056084
Iglesia Cristiana Verbo Butrón 20,CALLE BUTRON 20,Iglesia Cristiana Verbo Butrón 20,215 - Gutierre de Cetina,Calle Gutierre de Cetina nº 77,3658.725170077501
Iglesia Cruzada Cristiana Misión Vidaa,PASEO MOLINO 13,Iglesia Cruzada Cristiana Misión Vidaa,177 - Legazpi,Calle Bolívar nº 3,187.96476107747975
Iglesia Cuerpo de Cristo,TRAVESIA JUAN FRANCISCO 6,Iglesia Cuerpo de Cristo,212 - Marqués de Vadillo,Glorieta Marqués de Vadillo nº 9,2152.8180374032886
Iglesia Cuerpo de Cristo Ambrosio Vallejo 13,CALLE AMBROSIO VALLEJO 13,Iglesia Cuerpo de Cristo Ambrosio Vallejo 13,239 - Francos Rodríguez,Calle Francos Rodríguez nº 62,130.14626529618522
"Iglesia Cuerpo de Cristo, Don Pedro",CALLE DON PEDRO 10,"Iglesia Cuerpo de Cristo, Don Pedro",38 - Plaza de los Carros,Carrera de San Francisco nº 1,146.55039138042227
Iglesia Cuerpo de Cristo. Calle Avelino Fernández de la Poza,CALLE AVELINO FERNANDEZ DE LA POZA 4,Iglesia Cuerpo de Cristo. Calle Avelino Fernández de la Poza,180 - Méndez Álvaro,Calle Retama nº 5,1095.189492528459
Iglesia Dios es Amor - Unión Cristiana,CALLE PRUDENCIO ALVARO 46,Iglesia Dios es Amor - Unión Cristiana,229 - C.D. Concepción,Calle Jose del Hierro nº 5,473.15707213317364
Iglesia Dios es Amor Unión Cristiana Evangélica,CALLE SAN FROILAN 9 y 11,Iglesia Dios es Amor Unión Cristiana Evangélica,213 - Glorieta de Cádiz,Calle Antonio López nº 129,911.5516961447576
Iglesia Ejército de Salvación Madrid,CALLE HERMOSILLA 126 Local 4,Iglesia Ejército de Salvación Madrid,183 - Doctor Esquerdo-Hermosilla,Calle Hermosilla nº 135,166.42977302669345
Iglesia Ejército de Salvación Palomeras,AVENIDA RAFAEL ALBERTI 18 bis,Iglesia Ejército de Salvación Palomeras,221 - Pavones,Calle Hacienda de Pavones nº 342,1466.798256847688
Iglesia El Buen Pastor de Vallecas,CAMINO VALDERRIBAS 96 Nave,Iglesia El Buen Pastor de Vallecas,226 - Sierra Toledana,Camino de Valderribas nº 94,29.476285603327792
Iglesia Elan,CALLE EZCARAY 20 PLANTA 2 C,Iglesia Elan,221 - Pavones,Calle Hacienda de Pavones nº 342,2651.828620579482
Iglesia Emanuel (U.C.E.),CALLE MARINA VEGA 51,Iglesia Emanuel (U.C.E.),228 - San Delfín,Calle San Delfín nº 9,1662.0961917537177
Iglesia Evangélica,CALLE CALATRAVA 25,Iglesia Evangélica,38 - Plaza de los Carros,Carrera de San Francisco nº 1,250.30647445524096
Iglesia Evangélica Adulam,AVENIDA OPORTO 36 LOCAL 7,Iglesia Evangélica Adulam,212 - Marqués de Vadillo,Glorieta Marqués de Vadillo nº 9,1584.9312529132217
Iglesia Evangélica Agua de Vida,CALLE JUAN FRANCISCO 6,Iglesia Evangélica Agua de Vida,212 - Marqués de Vadillo,Glorieta Marqués de Vadillo nº 9,2150.9565100509185
Iglesia Evangélica Alcalá 459,CALLE ALCALA 459,Iglesia Evangélica Alcalá 459,215 - Gutierre de Cetina,Calle Gutierre de Cetina nº 77,1290.05313326088
Iglesia Evangélica Arca de Salvación,CALLE EUGENIO SELLES 1,Iglesia Evangélica Arca de Salvación,175 - Jaime el Conquistador,Calle Jaime el Conquistador nº 30,57.74226646070605
Iglesia Evangélica Arturo Soria 18,CALLE ARTURO SORIA 18,Iglesia Evangélica Arturo Soria 18,229 - C.D. Concepción,Calle Jose del Hierro nº 5,1072.9818568052337
Iglesia Evangélica Asamblea de Dios,CALLE MALCAMPO 11 PLANTA BAJA,Iglesia Evangélica Asamblea de Dios,196 - Prosperidad,Calle Suero de Quiñones nº 2,170.32460848106115
Iglesia Evangélica Asamblea de Dios Misionera,CALLE ENRIQUE BORRAS 5 PLANTA local,Iglesia Evangélica Asamblea de Dios Misionera,224 - Caramuel,Calle Caramuel nº 51,1577.708713418382
Iglesia Evangélica Asociación Evangelización Mundial para Cristo,AVENIDA CANILLEJAS A VICALVARO 131,Iglesia Evangélica Asociación Evangelización Mundial para Cristo,215 - Gutierre de Cetina,Calle Gutierre de Cetina nº 77,3406.7661894126313
Iglesia Evangélica Avenida de San Diego 13,AVENIDA SAN DIEGO 13,Iglesia Evangélica Avenida de San Diego 13,227 - Concordia,Calle Arroyo del Olivar nº 6,759.1521004197043
Iglesia Evangélica Avivamiento Emmanuel España,CALLE ALVAREZ ABELLAN 17,Iglesia Evangélica Avivamiento Emmanuel España,212 - Marqués de Vadillo,Glorieta Marqués de Vadillo nº 9,2277.7442457795587
Iglesia Evangélica Bautista Barrio del Pilar,CALLE GINZO DE LIMIA 44,Iglesia Evangélica Bautista Barrio del Pilar,217 - Pedro Rico,Calle Pedro Rico nº 4,1664.2033470305646
Iglesia Evangélica Bautista Madridejos 41,CALLE MADRIDEJOS 41,Iglesia Evangélica Bautista Madridejos 41,228 - San Delfín,Calle San Delfín nº 9,1121.8269369516627
Iglesia Evangélica Bautista Vallecas,CALLE SAN VIRGILIO 2 y 4,Iglesia Evangélica Bautista Vallecas,227 - Concordia,Calle Arroyo del Olivar nº 6,372.12997479685475
Iglesia Evangélica Bautista Villaverde,CALLE VILLAPALACIOS 28,Iglesia Evangélica Bautista Villaverde,235 - Embajadores 191,Calle Sodio nº 1B,4217.574283431762
Iglesia Evangélica Buenas Nuevas la Gran Comisión,CALLE RADIO 12 PLANTA BAJO A,Iglesia Evangélica Buenas Nuevas la Gran Comisión,212 - Marqués de Vadillo,Glorieta Marqués de Vadillo nº 9,995.5125450131604
Iglesia Evangélica Butrón 20,CALLE BUTRON 20,Iglesia Evangélica Butrón 20,215 - Gutierre de Cetina,Calle Gutierre de Cetina nº 77,3658.725170077501
Iglesia Evangélica Bíblica Misionera,CALLE TALIA 26,Iglesia Evangélica Bíblica Misionera,215 - Gutierre de Cetina,Calle Gutierre de Cetina nº 77,3448.9594263215395
Iglesia Evangélica Casa de Oración,CALLE LONDRES 13,Iglesia Evangélica Casa de Oración,192 - Avenida de los Toreros,Avenida de los Toreros nº 3,223.8148588892352
Iglesia Evangélica Casa de Oración Alfredo Castro Camba 38,CALLE ALFREDO CASTRO CAMBA 38,Iglesia Evangélica Casa de Oración Alfredo Castro Camba 38,227 - Concordia,Calle Arroyo del Olivar nº 6,996.5456122819025
Iglesia Evangélica Casa de la Misericordia,CALLE SANTIAGO ESTEVEZ 29 PLANTA BAJO IZQUIERDA,Iglesia Evangélica Casa de la Misericordia,223 - Ermita Santo,Paseo de la Ermita del Santo nº 48,2064.0210921009516
Iglesia Evangélica Centro de Misiones Kairos,CALLE CASTRO DE ORO 7,Iglesia Evangélica Centro de Misiones Kairos,212 - Marqués de Vadillo,Glorieta Marqués de Vadillo nº 9,1751.3218279759124
Iglesia Evangélica Centro de Salvación,CALLE VALLE DE TOBALINA 36,Iglesia Evangélica Centro de Salvación,213 - Glorieta de Cádiz,Calle Antonio López nº 129,5839.034297997218
Iglesia Evangélica China Española,CALLE CAROLINAS 10,Iglesia Evangélica China Española,205 - Estrecho,Calle Navarra nº 1,309.50567290870924
Iglesia Evangélica Comunidad de Fe,CALLE ENRIQUE LARRETA 9,Iglesia Evangélica Comunidad de Fe,208 - Plaza de Castilla,Paseo de la Castellana nº 216,263.6012686778223
Iglesia Evangélica Comunidad de la Paz,CALLE MATILDE HERNANDEZ 31 PLANTA BAJO B,Iglesia Evangélica Comunidad de la Paz,223 - Ermita Santo,Paseo de la Ermita del Santo nº 48,2080.4390618399093
Iglesia Evangélica Cristo Vive,AVENIDA GRAN VIA DE HORTALEZA 30,Iglesia Evangélica Cristo Vive,230 - Carlota O’Neill,Calle Carlota O'Neill nº 32,2604.6713071398735
Iglesia Evangélica Duque de Sesto,CALLE DUQUE DE SESTO 6,Iglesia Evangélica Duque de Sesto,85 - Puerta de Madrid,Avenida de Menéndez Pelayo esquina calle O'Donnell,222.92170745917147
Iglesia Evangélica El Hogar Cristiano,CALLE ESTOCOLMO 43 PLANTA 2 B,Iglesia Evangélica El Hogar Cristiano,215 - Gutierre de Cetina,Calle Gutierre de Cetina nº 77,4541.764413370375
Iglesia Evangélica El Shaddai,CALLE MARIA PEDRAZA 11,Iglesia Evangélica El Shaddai,237 - Pablo Iglesias,Calle Francisco Balseiro nº 1,257.818837081862
Iglesia Evangélica Emanuel Asambleas de Dios,CALLE DIEGO MANCHADO 29,Iglesia Evangélica Emanuel Asambleas de Dios,221 - Pavones,Calle Hacienda de Pavones nº 342,1815.8442307561486
Iglesia Evangélica Emaús,CALLE AGUAVIVA 6 Local,Iglesia Evangélica Emaús,215 - Gutierre de Cetina,Calle Gutierre de Cetina nº 77,8562.019537247686
Iglesia Evangélica Encuentro con Dios,CALLE JOSE DEL PRADO Y PALACIO 1 Local 4,Iglesia Evangélica Encuentro con Dios,218 - Camino Vinateros,Calle Camino de los Vinateros nº 28,438.1850881010218
Iglesia Evangélica Evangelizando las Naciones,PASEO GIGANTES Y CABEZUDOS 48 PLANTA BAJO 12,Iglesia Evangélica Evangelizando las Naciones,235 - Embajadores 191,Calle Sodio nº 1B,3801.5000470468785
Iglesia Evangélica Evangelizando las Naciones Resina 14A,CALLE RESINA 14 A NAVE 2 GETAFE,Iglesia Evangélica Evangelizando las Naciones Resina 14A,213 - Glorieta de Cádiz,Calle Antonio López nº 129,5884.498355075259
"Iglesia Evangélica Fe, Esperanza y Amor",CALLE PATRIARCA SAN JOSE 9 BAJO,"Iglesia Evangélica Fe, Esperanza y Amor",215 - Gutierre de Cetina,Calle Gutierre de Cetina nº 77,1433.119519696159
"Iglesia Evangélica Filadelfia Aldaya 41, 42 y 43","CALLE ALDAYA  41, 42, y 43","Iglesia Evangélica Filadelfia Aldaya 41, 42 y 43",254 - Pío XII,Avenida Pío XII nº 3,3769.178006310314
Iglesia Evangélica Filadelfia Antonio González Porras 21,CALLE ANTONIO GONZALEZ PORRAS 21,Iglesia Evangélica Filadelfia Antonio González Porras 21,212 - Marqués de Vadillo,Glorieta Marqués de Vadillo nº 9,860.6067557837054
Iglesia Evangélica Filadelfia Armengot,CALLE ARMENGOT  SIN NÚMERO,Iglesia Evangélica Filadelfia Armengot,212 - Marqués de Vadillo,Glorieta Marqués de Vadillo nº 9,279.77892267286677
Iglesia Evangélica Filadelfia Avenida Guadalajara 37,AVENIDA GUADALAJARA 37 LOCAL 9,Iglesia Evangélica Filadelfia Avenida Guadalajara 37,215 - Gutierre de Cetina,Calle Gutierre de Cetina nº 77,2606.4023321884283
Iglesia Evangélica Filadelfia Cerro de los Ángeles 32,AVENIDA CERRO DE LOS ANGELES 32,Iglesia Evangélica Filadelfia Cerro de los Ángeles 32,213 - Glorieta de Cádiz,Calle Antonio López nº 129,1799.6712171013548
Iglesia Evangélica Filadelfia Elvira Barrios 4,CALLE ELVIRA BARRIOS 4,Iglesia Evangélica Filadelfia Elvira Barrios 4,224 - Caramuel,Calle Caramuel nº 51,1714.1555038004515
Iglesia Evangélica Filadelfia Fernando González 15,CALLE FERNANDO GONZALEZ 15,Iglesia Evangélica Filadelfia Fernando González 15,212 - Marqués de Vadillo,Glorieta Marqués de Vadillo nº 9,871.3488001481675
Iglesia Evangélica Filadelfia García Llamas 41,CALLE GARCIA LLAMAS 41,Iglesia Evangélica Filadelfia García Llamas 41,227 - Concordia,Calle Arroyo del Olivar nº 6,1042.9548531407393
Iglesia Evangélica Filadelfia Getafe 25,CALLE GETAFE 25,Iglesia Evangélica Filadelfia Getafe 25,213 - Glorieta de Cádiz,Calle Antonio López nº 129,5191.161784071326
Iglesia Evangélica Filadelfia Guadalquivir 1,CALLE GUADALQUIVIR 1 PLANTA 2,Iglesia Evangélica Filadelfia Guadalquivir 1,137 - Plaza de la República Argentina,Plaza de la República Argentina nº 6,87.16617992933406
Iglesia Evangélica Filadelfia Guillermo Pingarron 9,CALLE GUILLERMO PINGARRON 9 PLANTA BAJO EXTERIOR,Iglesia Evangélica Filadelfia Guillermo Pingarron 9,226 - Sierra Toledana,Camino de Valderribas nº 94,1948.187080934807
Iglesia Evangélica Filadelfia Higinio Rodríguez 62,CALLE HIGINIO RODRIGUEZ 62,Iglesia Evangélica Filadelfia Higinio Rodríguez 62,227 - Concordia,Calle Arroyo del Olivar nº 6,889.8059210595543
Iglesia Evangélica Filadelfia Isabelita Usera 59,CALLE ISABELITA USERA 59,Iglesia Evangélica Filadelfia Isabelita Usera 59,213 - Glorieta de Cádiz,Calle Antonio López nº 129,1156.8872771520664
Iglesia Evangélica Filadelfia Jaspe 56,CALLE JASPE 56 LOCAL 4,Iglesia Evangélica Filadelfia Jaspe 56,213 - Glorieta de Cádiz,Calle Antonio López nº 129,1249.3126299065957
Iglesia Evangélica Filadelfia Lucano 17,CALLE LUCANO 17,Iglesia Evangélica Filadelfia Lucano 17,215 - Gutierre de Cetina,Calle Gutierre de Cetina nº 77,3576.188423852619
Iglesia Evangélica Filadelfia Luis de Hoyos Sainz,"CALLE LUIS DE HOYOS SAINZ  SIN NÚMERO, 2, LOCAL 3",Iglesia Evangélica Filadelfia Luis de Hoyos Sainz,221 - Pavones,Calle Hacienda de Pavones nº 342,727.7066120834053
Iglesia Evangélica Filadelfia Manresa 48,CALLE MANRESA 48 POSTERIOR,Iglesia Evangélica Filadelfia Manresa 48,217 - Pedro Rico,Calle Pedro Rico nº 4,1340.3111940266883
Iglesia Evangélica Filadelfia Mejorana 27,CALLE MEJORANA 27,Iglesia Evangélica Filadelfia Mejorana 27,180 - Méndez Álvaro,Calle Retama nº 5,1216.089652222866
Iglesia Evangélica Filadelfia Nicolasa Gómez 39,CALLE NICOLASA GOMEZ 39,Iglesia Evangélica Filadelfia Nicolasa Gómez 39,215 - Gutierre de Cetina,Calle Gutierre de Cetina nº 77,3340.4413815009775
Iglesia Evangélica Filadelfia Nuestra Señora de Valverde 108,CALLE NUESTRA SEÑORA DE VALVERDE 108,Iglesia Evangélica Filadelfia Nuestra Señora de Valverde 108,217 - Pedro Rico,Calle Pedro Rico nº 4,1765.1411675363418
Iglesia Evangélica Filadelfia Portugalete 29,CALLE PORTUGALETE 29,Iglesia Evangélica Filadelfia Portugalete 29,215 - Gutierre de Cetina,Calle Gutierre de Cetina nº 77,862.0211735386148
Iglesia Evangélica Filadelfia Quart de Poblet 41,CALLE CUART DE POBLET 41,Iglesia Evangélica Filadelfia Quart de Poblet 41,224 - Caramuel,Calle Caramuel nº 51,2510.7731934363323
Iglesia Evangélica Filadelfia Rafael Finat 3,CALLE RAFAEL FINAT 3,Iglesia Evangélica Filadelfia Rafael Finat 3,224 - Caramuel,Calle Caramuel nº 51,4906.62354509776
Iglesia Evangélica Filadelfia San Telesforo 13,CALLE SAN TELESFORO 13 PLANTA 1 Nave 11,Iglesia Evangélica Filadelfia San Telesforo 13,215 - Gutierre de Cetina,Calle Gutierre de Cetina nº 77,795.8262746525567
Iglesia Evangélica Filadelfia Sierra de Engarceran 7,CALLE SIERRA ENGARCERAN 7,Iglesia Evangélica Filadelfia Sierra de Engarceran 7,221 - Pavones,Calle Hacienda de Pavones nº 342,2944.136604362508
Iglesia Evangélica Filadelfia calle Germán Pérez Carrasco,CALLE GERMAN PEREZ CARRASCO 2,Iglesia Evangélica Filadelfia calle Germán Pérez Carrasco,232 - José María Pereda,Calle José María de Pereda nº 1,212.53879150688516
Iglesia Evangélica Filadelfia calle Luis Cernuda,"CALLE LUIS CERNUDA  LOCAL 2, FINCA 3",Iglesia Evangélica Filadelfia calle Luis Cernuda,231 - Derechos Humanos,Calle Derechos Humanos nº 12,311.9716205405736
Iglesia Evangélica Filadelfia calle Oso 19,CALLE OSO 19 PLANTA baja,Iglesia Evangélica Filadelfia calle Oso 19,44 - Plaza de Nelson Mandela,Calle Mesón de Paredes nº 35,135.76440440796426
Iglesia Evangélica Filadelfia del Centro,CALLE RODRIGO DE GUEVARA 2,Iglesia Evangélica Filadelfia del Centro,39 - Plaza de la Cebada,Plaza de la Cebada nº 16 ,218.55421243301913
Iglesia Evangélica Filadelfia plaza Rendición de Breda,PLAZA RENDICION DE BREDA 2,Iglesia Evangélica Filadelfia plaza Rendición de Breda,212 - Marqués de Vadillo,Glorieta Marqués de Vadillo nº 9,2876.828069530044
Iglesia Evangélica Fuente de Vida,AVENIDA PEDRO DIEZ 21,Iglesia Evangélica Fuente de Vida,212 - Marqués de Vadillo,Glorieta Marqués de Vadillo nº 9,1804.7952913089116
"Iglesia Evangélica Fuente de la Vida, Asambleas de Dios",CALLE SIERRA CARBONERA 31,"Iglesia Evangélica Fuente de la Vida, Asambleas de Dios",227 - Concordia,Calle Arroyo del Olivar nº 6,280.65413444622493
Iglesia Evangélica Gran Rey,CALLE MAESTRO ARBOS 5,Iglesia Evangélica Gran Rey,177 - Legazpi,Calle Bolívar nº 3,162.52129690529654
Iglesia Evangélica Isla de Patmos,CALLE POTASA 11 PLANTA BAJO,Iglesia Evangélica Isla de Patmos,235 - Embajadores 191,Calle Sodio nº 1B,4225.073906387515
Iglesia Evangélica Jesús es el Señor Torre Fuerte,CALLE BLANDON 6,Iglesia Evangélica Jesús es el Señor Torre Fuerte,224 - Caramuel,Calle Caramuel nº 51,2479.9042502528464
Iglesia Evangélica La Roca,PASEO DELICIAS 28,Iglesia Evangélica La Roca,120 - Palos de la Frontera,Calle Palos de la Frontera nº 27,203.59259936767936
Iglesia Evangélica Las Águilas,CALLE FUERTE DE NAVIDAD 19,Iglesia Evangélica Las Águilas,224 - Caramuel,Calle Caramuel nº 51,5343.478530175451
Iglesia Evangélica Luz del Mundo,CALLE SAN ERASMO 16,Iglesia Evangélica Luz del Mundo,213 - Glorieta de Cádiz,Calle Antonio López nº 129,5727.434723798445
Iglesia Evangélica Manantial de Vida,AVENIDA CERRO DE LOS ANGELES 10 PLANTA 1 B,Iglesia Evangélica Manantial de Vida,228 - San Delfín,Calle San Delfín nº 9,1701.085589244533
Iglesia Evangélica Miguel de la Roca 6,CALLE MIGUEL DE LA ROCA 6,Iglesia Evangélica Miguel de la Roca 6,180 - Méndez Álvaro,Calle Retama nº 5,1216.2811198158379
Iglesia Evangélica Ministerio Belem,CALLE OROPENDOLA 26,Iglesia Evangélica Ministerio Belem,212 - Marqués de Vadillo,Glorieta Marqués de Vadillo nº 9,2536.333293132982
Iglesia Evangélica Ministerio Pasión por Cristo,CALLE REUS 8,Iglesia Evangélica Ministerio Pasión por Cristo,212 - Marqués de Vadillo,Glorieta Marqués de Vadillo nº 9,4417.8098255172035
Iglesia Evangélica Ministerio Sembradores,CALLE HUERTA DE CASTA&amp;Ntilde;EDA 25,Iglesia Evangélica Ministerio Sembradores,224 - Caramuel,Calle Caramuel nº 51,1486.6572406044093
Iglesia Evangélica Noviciado 5,CALLE NOVICIADO 5,Iglesia Evangélica Noviciado 5,15 - San Vicente Ferrer,Calle San Vicente Ferrer nº 64,103.8761285301513
Iglesia Evangélica Nueva Vida,CALLE ARGOS 13,Iglesia Evangélica Nueva Vida,215 - Gutierre de Cetina,Calle Gutierre de Cetina nº 77,1036.40093817723
Iglesia Evangélica Oteiza 45,CALLE OTEIZA 45,Iglesia Evangélica Oteiza 45,235 - Embajadores 191,Calle Sodio nº 1B,2043.4639701161632
Iglesia Evangélica Pentecostal Amistad Cristiana,CALLE VALLEHERMOSO 70,Iglesia Evangélica Pentecostal Amistad Cristiana,245 - Galileo,Calle Galileo nº 63,232.74130416601673
Iglesia Evangélica Pentecostal Bethel,CALLE FERNANDO DIAZ DE MENDOZA 3,Iglesia Evangélica Pentecostal Bethel,228 - San Delfín,Calle San Delfín nº 9,556.8396379137815
Iglesia Evangélica Pentecostal Misión 1909,CALLE VIRGEN DE BELEN 42 PLANTA BAJO,Iglesia Evangélica Pentecostal Misión 1909,212 - Marqués de Vadillo,Glorieta Marqués de Vadillo nº 9,1011.1671895106515
Iglesia Evangélica Pentecostal Salem,CALLE CIDRO 8,Iglesia Evangélica Pentecostal Salem,212 - Marqués de Vadillo,Glorieta Marqués de Vadillo nº 9,4721.824571437882
Iglesia Evangélica Pinzón 16,CALLE PINZON 16,Iglesia Evangélica Pinzón 16,224 - Caramuel,Calle Caramuel nº 51,2516.2417128758307
Iglesia Evangélica Pueblo Nuevo,CALLE VILLACARLOS 14,Iglesia Evangélica Pueblo Nuevo,221 - Pavones,Calle Hacienda de Pavones nº 342,3224.130537758721
Iglesia Evangélica Renuevo de Vida,CALLE GINZO DE LIMIA 55,Iglesia Evangélica Renuevo de Vida,217 - Pedro Rico,Calle Pedro Rico nº 4,2337.9740869368284
Iglesia Evangélica Servidores de Vida,CALLE CASTROJERIZ 8,Iglesia Evangélica Servidores de Vida,224 - Caramuel,Calle Caramuel nº 51,2699.8725753906238
Iglesia Evangélica Sinaí,CALLE SILVIO ABAD 76,Iglesia Evangélica Sinaí,228 - San Delfín,Calle San Delfín nº 9,1561.8348575084497
Iglesia Evangélica Trafalgar,CALLE TRAFALGAR 32 PLANTA BAJA A,Iglesia Evangélica Trafalgar,126 - General Álvarez de Castro,Calle del General Álvarez de Castro nº 1,92.3214864191592
Iglesia Evangélica Vino Nuevo el Rey Jesús,CALLE CADARSO 6,Iglesia Evangélica Vino Nuevo el Rey Jesús,116a - Plaza de España A,Calle Princesa nº 5,248.66574236837212
Iglesia Evangélica de Aluche,CALLE NUESTRA SEÑORA DE LA LUZ 118,Iglesia Evangélica de Aluche,224 - Caramuel,Calle Caramuel nº 51,3593.164519029903
Iglesia Evangélica del Nazareno,CALLE PELICANO 26,Iglesia Evangélica del Nazareno,212 - Marqués de Vadillo,Glorieta Marqués de Vadillo nº 9,2080.150264043597
Iglesia Evangélica la Casa del Padre,CALLE HAYA 5,Iglesia Evangélica la Casa del Padre,212 - Marqués de Vadillo,Glorieta Marqués de Vadillo nº 9,4816.423140640081
Iglesia Evangélica. Calle Tembleque,CALLE TEMBLEQUE 140,Iglesia Evangélica. Calle Tembleque,224 - Caramuel,Calle Caramuel nº 51,4602.217097379735
Iglesia Gloria de Dios,CALLE ESTEBAN COLLANTES 37,Iglesia Gloria de Dios,215 - Gutierre de Cetina,Calle Gutierre de Cetina nº 77,255.6217696808802
Iglesia Hillsong España,CALLE FORTUNATA Y JACINTA 17 Teatro Gran Maestre,Iglesia Hillsong España,152 - General Perón 1,Avenida del General Perón frente al nº 4,224.4942610263716
Iglesia Internacional Alianza de Amor,CALLE ANTONIO GONZALEZ PORRAS 25,Iglesia Internacional Alianza de Amor,212 - Marqués de Vadillo,Glorieta Marqués de Vadillo nº 9,855.7177075418831
Iglesia Jesús es el Maestro,CALLE ALEJANDRINA MORAN 24,Iglesia Jesús es el Maestro,224 - Caramuel,Calle Caramuel nº 51,2196.968174484869
Iglesia Libre de los Hermanos en Cristo,PASEO EXTREMADURA 179,Iglesia Libre de los Hermanos en Cristo,224 - Caramuel,Calle Caramuel nº 51,1804.0145727897607
Iglesia Ministerio Denuedo,CALLE MINEROS 12 PLANTA 1,Iglesia Ministerio Denuedo,212 - Marqués de Vadillo,Glorieta Marqués de Vadillo nº 9,2173.9451458754133
Iglesia Ministerio Internacional Poder de Dios,CALLE VERJA 27,Iglesia Ministerio Internacional Poder de Dios,228 - San Delfín,Calle San Delfín nº 9,1509.0869671539845
Iglesia Misionera Asamblea Cristiana,CALLE GUTIERRE DE CETINA 117 PLANTA 3ª,Iglesia Misionera Asamblea Cristiana,215 - Gutierre de Cetina,Calle Gutierre de Cetina nº 77,329.56366335282235
Iglesia Misionera Asamblea Cristiana Río Ulla 14,CALLE RIO ULLA 14,Iglesia Misionera Asamblea Cristiana Río Ulla 14,215 - Gutierre de Cetina,Calle Gutierre de Cetina nº 77,533.2939286982462
Iglesia Misionera Pentecostal de Cristo,CALLE BENEFICENCIA 18,Iglesia Misionera Pentecostal de Cristo,7 - Hortaleza,Calle Hortaleza nº 75,164.381934021707
Iglesia Misión Apostólica Mundial,CALLE ALEJANDRO MORAN 3,Iglesia Misión Apostólica Mundial,212 - Marqués de Vadillo,Glorieta Marqués de Vadillo nº 9,2249.563699448711
Iglesia Misión Apostólica Mundial Cuart de Poblet 53,CALLE CUART DE POBLET 53 PLANTA 4 A,Iglesia Misión Apostólica Mundial Cuart de Poblet 53,224 - Caramuel,Calle Caramuel nº 51,2547.0029027435194
Iglesia Nueva Generación,CALLE CIDRO 18 PLANTA 1 A,Iglesia Nueva Generación,212 - Marqués de Vadillo,Glorieta Marqués de Vadillo nº 9,4913.307354471994
Iglesia Pentecostal Cezarea,CALLE SANTA CRUZ DE RETAMAR 9,Iglesia Pentecostal Cezarea,221 - Pavones,Calle Hacienda de Pavones nº 342,2376.211730807337
Iglesia Pentecostal Dios es Amor,CALLE ELFO 158,Iglesia Pentecostal Dios es Amor,229 - C.D. Concepción,Calle Jose del Hierro nº 5,745.9059336551965
Iglesia Pentecostal El Buen Samaritano,CALLE SANTIAGO ESTEVEZ 27 PLANTA 1 DERECHA,Iglesia Pentecostal El Buen Samaritano,223 - Ermita Santo,Paseo de la Ermita del Santo nº 48,2045.3727484551432
Iglesia Pentecostal Unida de España Pedro Villar 2,CALLE PEDRO VILLAR 2,Iglesia Pentecostal Unida de España Pedro Villar 2,207 - Remonta,Calle Azucenas nº 1,63.55081267456588
Iglesia Pentecostal Unida en Europa,CALLE CUCLILLO 5,Iglesia Pentecostal Unida en Europa,212 - Marqués de Vadillo,Glorieta Marqués de Vadillo nº 9,1817.5455689779087
Iglesia Presbiteriana Coreana,CALLE JOSE MARIA PEREDA 28,Iglesia Presbiteriana Coreana,232 - José María Pereda,Calle José María de Pereda nº 1,205.0569353907688
Iglesia Presbiteriana Coreana Sarang,CALLE VILLACAMPA 4 y 6,Iglesia Presbiteriana Coreana Sarang,221 - Pavones,Calle Hacienda de Pavones nº 342,2610.1419610644284
Iglesia Vida Apasionada,CALLE REYES MAGOS 8 PLANTA 6 B,Iglesia Vida Apasionada,83 - Pío Baroja,Calle Pío Baroja nº 10,194.23306416289813
Iglesia Vida Nueva para las Naciones,CALLE BERASTEGUI 49,Iglesia Vida Nueva para las Naciones,215 - Gutierre de Cetina,Calle Gutierre de Cetina nº 77,273.9802392827778
Iglesia Vidapasionada,AVENIDA MENENDEZ PELAYO 36,Iglesia Vidapasionada,79 - Puerta de Granada,Avenida de Menéndez Pelayo nº 38,32.533683795375175
Iglesia de Cristo - Madrid,CALLE TERUEL 25,Iglesia de Cristo - Madrid,152 - General Perón 1,Avenida del General Perón frente al nº 4,270.68987271743674
Iglesia de Dios (Verbo de Dios),CALLE GUTIERREZ Y MICHEL 6,Iglesia de Dios (Verbo de Dios),221 - Pavones,Calle Hacienda de Pavones nº 342,2483.5315290399294
Iglesia de Dios Harul,CALLE MATILDE HERNANDEZ 31 PLANTA 2 B LOCAL 8,Iglesia de Dios Harul,223 - Ermita Santo,Paseo de la Ermita del Santo nº 48,2080.4390618399093
Iglesia de Dios Vida Nueva,CALLE ROCAFORT 83,Iglesia de Dios Vida Nueva,235 - Embajadores 191,Calle Sodio nº 1B,5241.65167851913
Iglesia de Dios de la Profecía,CALLE EMILIO ORTU&amp;Ntilde;O 19,Iglesia de Dios de la Profecía,179 - Puente de Vallecas,Avenida de la Albufera nº 6,428.85495295501624
"Iglesia de Dios, Verbo de Dios",CALLE PUERTO DE POZAZAL 25,"Iglesia de Dios, Verbo de Dios",221 - Pavones,Calle Hacienda de Pavones nº 342,2363.171194872366
Iglesia de Jesucristo Palabra Miel,CALLE PAMPLONA 53,Iglesia de Jesucristo Palabra Miel,239 - Francos Rodríguez,Calle Francos Rodríguez nº 62,136.38630582440953
Iglesia de Jesucristo de los Santos de los Últimos Días. Templo de Madrid,CALLE TEMPLO 2,Iglesia de Jesucristo de los Santos de los Últimos Días. Templo de Madrid,221 - Pavones,Calle Hacienda de Pavones nº 342,388.1366086879572
Iglesia de Los Elegidos de Dios,CALLE FARO 8 Posterior,Iglesia de Los Elegidos de Dios,212 - Marqués de Vadillo,Glorieta Marqués de Vadillo nº 9,2195.122337979997
Iglesia de Santidad Pentecostal,CALLE SERVANDO BATANERO 8 PLANTA 1 DERECHA,Iglesia de Santidad Pentecostal,234 - Marqués de Corbera 52,Avenida Marqués de Corbera nº 52,344.0187578130682
Iglesia de Santidad Pentecostal Tomás Redondo 1,CALLE TOMAS REDONDO 1 PLANTA 4 LOCAL 2,Iglesia de Santidad Pentecostal Tomás Redondo 1,230 - Carlota O’Neill,Calle Carlota O'Neill nº 32,3832.3170985846746
Iglesia de Scientology de España,CALLE SANTA CATALINA 7 esquina calle Prado,Iglesia de Scientology de España,29 - Marqués de Cubas,Calle del Marqués de Cubas nº 25,243.01676671862154
Iglesia de Una Esperanza,CAMINO PERALES 110,Iglesia de Una Esperanza,235 - Embajadores 191,Calle Sodio nº 1B,1805.508305719911
Iglesia de los Discípulos de Cristo,CALLE PEDRO HEREDIA 3,Iglesia de los Discípulos de Cristo,184 - Marqués de Zafra,Paseo Marqués de Zafra nº 24,279.4668046930422
Iglesia del Evangelio Cuadrangular,CALLE VENCEJO 3,Iglesia del Evangelio Cuadrangular,224 - Caramuel,Calle Caramuel nº 51,2896.8359002880266
Iglesia del Rey Jesucristo,CALLE GRANDEZA ESPA&amp;Ntilde;OLA 49 PLANTA 3ª D,Iglesia del Rey Jesucristo,224 - Caramuel,Calle Caramuel nº 51,580.9576825341767
Iglesia evangélica Fundación Federico Fliedner,CALLE BRAVO MURILLO 85,Iglesia evangélica Fundación Federico Fliedner,132 - Glorieta de los Cuatro Caminos,Calle Santa Engracia nº 168,170.1515175539722
Iglesia evangélica. Calle Marquesa de Argüeso,CALLE MARQUESA DE ARG&amp;Uuml;ESO 22,Iglesia evangélica. Calle Marquesa de Argüeso,212 - Marqués de Vadillo,Glorieta Marqués de Vadillo nº 9,1105.7473349866825
Madrid International Church,CALLE CIDRO 14 PLANTA BAJO Polígono Aguacate,Madrid International Church,212 - Marqués de Vadillo,Glorieta Marqués de Vadillo nº 9,4871.244234999981
Ministerio Jesucristo Pan de Vida,CALLE VIRGEN DE BELEN 1,Ministerio Jesucristo Pan de Vida,212 - Marqués de Vadillo,Glorieta Marqués de Vadillo nº 9,1151.8236088879764
Misión Carismática Internacional,CALLE RABANAL DEL CAMINO 9 6.1,Misión Carismática Internacional,217 - Pedro Rico,Calle Pedro Rico nº 4,3457.303761810534
Misión Evangélica Maranata,CALLE IMAGEN 18,Misión Evangélica Maranata,227 - Concordia,Calle Arroyo del Olivar nº 6,1072.7843997458376
Movimiento Misionero Mundial,CALLE MANUEL LAGUNA 33,Movimiento Misionero Mundial,227 - Concordia,Calle Arroyo del Olivar nº 6,1454.582478770009
Movimiento Misionero Mundial calle Germán Pérez Carrasco 92,CALLE GERMAN PEREZ CARRASCO 92,Movimiento Misionero Mundial calle Germán Pérez Carrasco 92,229 - C.D. Concepción,Calle Jose del Hierro nº 5,880.4562563342871
Primera Iglesia Evangélica Bautista de Madrid,CALLE GENERAL LACY 18,Primera Iglesia Evangélica Bautista de Madrid,120 - Palos de la Frontera,Calle Palos de la Frontera nº 27,397.9053656965175
Templo Evangélico Comunidad de Oración,CALLE BENIDORM 17,Templo Evangélico Comunidad de Oración,189 - Avenida Donostiarra,Calle Virgen de la Alegría nº 18,447.47795019930976
Testigos Cristianos de Jehová. Avenida de Moratalaz,AVENIDA MORATALAZ 143 Bajo 12,Testigos Cristianos de Jehová. Avenida de Moratalaz,219 - Marroquina,Calle Camino de los Vinateros nº 108,198.87957603082168
Testigos Cristianos de Jehová. Calle Andaluces,AVENIDA ANDALUCES 30 PLANTA BAJO POSTERIOR,Testigos Cristianos de Jehová. Calle Andaluces,219 - Marroquina,Calle Camino de los Vinateros nº 108,198.87957603082168
Testigos Cristianos de Jehová. Calle Arroyo,CALLE ARROYO 23 PLANTA BAJO,Testigos Cristianos de Jehová. Calle Arroyo,207 - Remonta,Calle Azucenas nº 1,949.8700003150674
Testigos Cristianos de Jehová. Calle Artistas,CALLE ARTISTAS 22 PLANTA BAJO A,Testigos Cristianos de Jehová. Calle Artistas,133 - Raimundo Fernández,Calle Raimundo Fernández Villaverde nº 33,153.0412140485808
Testigos Cristianos de Jehová. Calle Carrascales,CALLE CARRASCALES 12 PLANTA BAJA 1 derecha,Testigos Cristianos de Jehová. Calle Carrascales,213 - Glorieta de Cádiz,Calle Antonio López nº 129,1219.4463091735074
Testigos Cristianos de Jehová. Calle Cebreros,CALLE CEBREROS 2 PLANTA BAJO C,Testigos Cristianos de Jehová. Calle Cebreros,224 - Caramuel,Calle Caramuel nº 51,1516.0037207389353
Testigos Cristianos de Jehová. Calle Chantada,CALLE CHANTADA 41 Bajo 6 y 43,Testigos Cristianos de Jehová. Calle Chantada,239 - Francos Rodríguez,Calle Francos Rodríguez nº 62,2022.9306331770688
Testigos Cristianos de Jehová. Calle Doctor Gómez Ulla,CALLE DOCTOR GÓMEZ ULLA 16 PLANTA BAJA IZQUIERDA,Testigos Cristianos de Jehová. Calle Doctor Gómez Ulla,193 - Ventas,Avenida de los Toreros nº 49,353.39228144352563
Testigos Cristianos de Jehová. Calle Guamo,CALLE GUAMO 2 Bajo 1 bis y 6,Testigos Cristianos de Jehová. Calle Guamo,230 - Carlota O’Neill,Calle Carlota O'Neill nº 32,3659.462325304844
Testigos Cristianos de Jehová. Calle Hilario Sangrador,CALLE HILARIO SANGRADOR 8 PLANTA BAJA IZQUIERDA,Testigos Cristianos de Jehová. Calle Hilario Sangrador,224 - Caramuel,Calle Caramuel nº 51,1563.4149637422997
Testigos Cristianos de Jehová. Calle Ignacio Ellacuría,CALLE IGNACIO ELLACURIA 3 7,Testigos Cristianos de Jehová. Calle Ignacio Ellacuría,188 - Puente de Ventas,Avenida de Daroca nº 2,336.5597816313753
Testigos Cristianos de Jehová. Calle Jacobinia,CALLE JACOBINIA 70,Testigos Cristianos de Jehová. Calle Jacobinia,224 - Caramuel,Calle Caramuel nº 51,4507.24550764648
Testigos Cristianos de Jehová. Calle Las Pedroñeras,CALLE LAS PEDRO&amp;Ntilde;ERAS 46 LOCAL,Testigos Cristianos de Jehová. Calle Las Pedroñeras,230 - Carlota O’Neill,Calle Carlota O'Neill nº 32,3320.0353184238693
Testigos Cristianos de Jehová. Calle Los Mineros,CALLE MINEROS 16,Testigos Cristianos de Jehová. Calle Los Mineros,212 - Marqués de Vadillo,Glorieta Marqués de Vadillo nº 9,2162.9558564514477
Testigos Cristianos de Jehová. Calle Luis Ruiz,CALLE LUIS RUIZ 75 PUERTA 19,Testigos Cristianos de Jehová. Calle Luis Ruiz,215 - Gutierre de Cetina,Calle Gutierre de Cetina nº 77,580.6359647460529
Testigos Cristianos de Jehová. Calle Manola y Rosario,CALLE MANOLA Y ROSARIO 1 PLANTA BAJO INTERIOR,Testigos Cristianos de Jehová. Calle Manola y Rosario,213 - Glorieta de Cádiz,Calle Antonio López nº 129,5197.332386690665
Testigos Cristianos de Jehová. Calle Marcudos,CALLE MARCUDOS 4 PLANTA BAJO 3,Testigos Cristianos de Jehová. Calle Marcudos,213 - Glorieta de Cádiz,Calle Antonio López nº 129,179.1093284700879
Testigos Cristianos de Jehová. Calle Martín Martínez,CALLE MARTIN MARTINEZ 4 PLANTA BAJO 2,Testigos Cristianos de Jehová. Calle Martín Martínez,196 - Prosperidad,Calle Suero de Quiñones nº 2,408.9770542721299
Testigos Cristianos de Jehová. Calle Martín de Vargas,CALLE MARTIN DE VARGAS 26 PLANTA BAJA B derecha,Testigos Cristianos de Jehová. Calle Martín de Vargas,47 - Embajadores 1,Glorieta de Embajadores nº 6,287.9827843018348
Testigos Cristianos de Jehová. Calle Puerto de Pozazal,CALLE PUERTO DE POZAZAL 1 C,Testigos Cristianos de Jehová. Calle Puerto de Pozazal,221 - Pavones,Calle Hacienda de Pavones nº 342,2412.3892026909207
Testigos Cristianos de Jehová. Calle San Moisés,CALLE SAN MOISÉS 39 PLANTA BAJA B,Testigos Cristianos de Jehová. Calle San Moisés,227 - Concordia,Calle Arroyo del Olivar nº 6,1308.834521318807
Testigos Cristianos de Jehová. Calle Santa Ana Baja,CALLE SANTA ANA BAJA 48 PLANTA BAJO C,Testigos Cristianos de Jehová. Calle Santa Ana Baja,217 - Pedro Rico,Calle Pedro Rico nº 4,1810.7886548631875
Testigos Cristianos de Jehová. Calle Sierra Salvada,CALLE SIERRA SALVADA 24 LOCAL 5,Testigos Cristianos de Jehová. Calle Sierra Salvada,221 - Pavones,Calle Hacienda de Pavones nº 342,3471.9258020885745
Testigos Cristianos de Jehová. Calle Sierra del Sabiñar,CALLE SIERRA DE SABI&amp;Ntilde;AR 4 PLANTA BAJO LOCAL 3 C,Testigos Cristianos de Jehová. Calle Sierra del Sabiñar,221 - Pavones,Calle Hacienda de Pavones nº 342,3471.9258020885745
Testigos Cristianos de Jehová. Calle Tembleque,CALLE TEMBLEQUE 64 PLANTA BAJA,Testigos Cristianos de Jehová. Calle Tembleque,224 - Caramuel,Calle Caramuel nº 51,3869.020604762605
Testigos Cristianos de Jehová. Calle Venancio Martín,CALLE VENANCIO MARTIN 19 PLANTA BAJA 2,Testigos Cristianos de Jehová. Calle Venancio Martín,226 - Sierra Toledana,Camino de Valderribas nº 94,140.92716910867836
Testigos Cristianos de Jehová. Calle de Los Gallegos,CALLE GALLEGOS 2,Testigos Cristianos de Jehová. Calle de Los Gallegos,221 - Pavones,Calle Hacienda de Pavones nº 342,3007.0350733692867
Testigos Cristianos de Jehová. Calle Ámbar,CALLE AMBAR 3 PLANTA BAJO IZQUIERDA,Testigos Cristianos de Jehová. Calle Ámbar,221 - Pavones,Calle Hacienda de Pavones nº 342,3471.9258020885745
The Korea Assemblies of God Full Gospel,CALLE HERNANI 34 LOCAL 4,The Korea Assemblies of God Full Gospel,133 - Raimundo Fernández,Calle Raimundo Fernández Villaverde nº 33,126.67687224977678
